,threshold,Accuracy,Sensitiv.,Specif.,MCC,Positive pred,Negative pred,False positive,False negative
0,7.0,0.8814814814814815,1.0,0.8783269961977186,0.39704966341123515,0.1794871794871795,1.0,0.12167300380228137,0.0
1,5.0,0.9185185185185185,0.9236111111111112,0.9126984126984127,0.8363095238095238,0.9236111111111112,0.9126984126984127,0.0873015873015873,0.0763888888888889
2,5.5,0.8703703703703703,0.8527131782945736,0.8865248226950354,0.74015414708536,0.873015873015873,0.8680555555555556,0.11347517730496454,0.14728682170542637
3,6.0,0.8,0.88,0.7818181818181819,0.5424142891661499,0.4782608695652174,0.9662921348314607,0.21818181818181817,0.12
4,6.5,0.8037037037037037,0.9230769230769231,0.7976653696498055,0.36282286434628475,0.1875,0.9951456310679612,0.20233463035019456,0.07692307692307693
